{
  "model": "MDLM-BPE v2",
  "gpu": "NVIDIA GeForce RTX 3090",
  "params": 93905680,
  "perplexity": 67.83216100784955,
  "ce_loss": 4.2170364336256325,
  "tps": {
    "batch_1": {
      "tps": 126.28263250397991,
      "latency_ms": 506.79969787597656
    },
    "batch_10": {
      "tps": 4318.997507089847,
      "latency_ms": 148.1825351715088
    },
    "batch_50": {
      "tps": 39409.08509006517,
      "latency_ms": 81.19955062866211
    },
    "batch_100": {
      "tps": 40915.498402006604,
      "latency_ms": 156.4199447631836
    },
    "batch_200": {
      "tps": 43744.621214121194,
      "latency_ms": 292.6074028015137
    }
  },
  "quality": {
    "distinct_1": 0.29455128205128206,
    "distinct_2": 0.7203761085586067,
    "uniqueness": 1.0
  }
}