{
  "sft_steps": 1178,
  "time": 362.5618886947632,
  "best_loss": 4.0625,
  "final_loss": 4.12890625
}