{
  "gpu": "NVIDIA GeForce RTX 3090",
  "model_params": 25626384,
  "perplexity": 1618.0579892787182,
  "ce_loss": 7.388981937074291,
  "tps": {
    "batch_1": {
      "tps": 355.69497380872497,
      "latency_ms": 179.92944717407227,
      "steps": 20
    },
    "batch_10": {
      "tps": 7756.004070497504,
      "latency_ms": 82.5167179107666,
      "steps": 20
    },
    "batch_50": {
      "tps": 68884.78257968691,
      "latency_ms": 46.45438194274902,
      "steps": 20
    },
    "batch_100": {
      "tps": 73862.88632561416,
      "latency_ms": 86.64703369140625,
      "steps": 16
    },
    "batch_200": {
      "tps": 79649.97096602,
      "latency_ms": 160.70313453674316,
      "steps": 12
    }
  },
  "diversity": {
    "distinct_1": 0.33970739219712526,
    "distinct_2": 0.7886022333461686,
    "uniqueness": 1.0,
    "n_unique": 200
  },
  "timestamp": "2026-07-06 00:08:16"
}