{
  "test": "phase1d_calibrated",
  "timestamp": "2026-07-05T16:18:18.741942",
  "sigmas": [
    1.0,
    0.5,
    0.2,
    0.05
  ],
  "t2_decrease": 0.01569914719812364,
  "final_near_03": 0.0,
  "distances_per_sigma": [
    1.3709737062454224,
    1.3588348627090454,
    1.3509137630462646,
    1.3494505882263184
  ]
}