{
  "test": "phase1c_cd_gp",
  "timestamp": "2026-07-05T16:09:32.082101",
  "gp_1.0": {
    "auroc": 1.0,
    "t2_decrease": -0.07343228773164591,
    "t3_near": 0.0
  },
  "gp_10.0": {
    "auroc": 1.0,
    "t2_decrease": -0.049245061679839726,
    "t3_near": 0.0
  },
  "gp_100.0": {
    "auroc": 0.5,
    "t2_decrease": -0.05594519721959787,
    "t3_near": 0.0
  }
}